ChainLatency_ms,Traditional_TTFB_ms,QLink_S-AKE_TTFB_ms
100,258.97037797491225,158.97037797491222
500,658.3531150338766,158.35311503387655
1000,1158.8570223092772,158.8570223092772
1500,1659.7175516889006,159.7175516889005
2000,2161.0463392425672,161.04633924256757
2500,2654.160121334669,154.16012133466904
3000,3155.2760862954997,155.2760862955
4000,4161.312429522266,161.3124295222662
5000,5153.908380265201,153.90838026520132
